SummaryText,Education,ToolsAndTechnologies,WorkExperience,Extra-curricular,AwardsAndRecognition
Career Goal,Education and Training,Credentials,Employment History,Activities and Honors,Honors
Profile,Academic Background,Areas of Experience,Work History,Affiliations,Academic Honors
profile summary,Academic Experience,Areas of Expertise,Work Experience,Professional Affiliations,Accolades
Objective,Programs,Areas of Knowledge,Experience,Associations,Endorsements
Career Objective,Courses,Skills,Professional Experience,Professional Associations,Achievements
Employment Objective,Related Courses,Career Related Skills,Professional Background,Memberships,Awards
Professional Objective,Education,Professional Skills,Additional Experience,Professional Memberships,Distinctions
Summary,Educational Background,Specialized Skills,Career Related Experience,Athletic Involvement,Fellowships
Career Summary,Educational Qualifications,Technical Skills,Related Experience,Community Involvement,Scholarships
Professional Summary,Educational Training,Computer Skills,Freelance,Civic Activities,
Summary of Qualifications,Education and Training,Computer Knowledge,Freelance Experience,Extra-Curricular Activities,
,Training,Software,Army Experience,Professional Activities,
,Academic Training,Technologies,Military Experience,Volunteer Work,
,Professional Training,Technical Experience,Military Background,Volunteer Experience,
,Course Project Experience,Proficiencies,,Extra-curricular,
,Related Course Projects,Languages,,Professional memberships and certifications,
,Internship Experience,Language Competencies and Skills,,,
,Internships,Programming Languages,,,
,Apprenticeships,certifications and skills,,,
,College Activities,Tools and Technologies,,,
,Certifications,,,,
,Special Training,,,,
,Academic qualifications,,,,
